{"id": 23681, "position": [588159.0682016825, 4141338.9014321812, 0.0], "theta": 1.630833856480121, "length": 13.786660942831379, "width": 1.5842412592913018, "height": 2.3039178983198596, "speed": 34.21733099726933, "tracking_time": 1.0, "type": "VEHICLE", "trace": [[588159.0682016825, 4141338.9014321812, 0.0], [588159.2634279336, 4141338.852454226, 0.0], [588159.4497930541, 4141338.8044922315, 0.0], [588159.645007588, 4141338.75662374, 0.0], [588159.8402221242, 4141338.7087552533, 0.0], [588160.0354366627, 4141338.660886772, 0.0], [588160.2306512037, 4141338.613018293, 0.0], [588160.4258774668, 4141338.5640403647, 0.0], [588160.6210920124, 4141338.5161718964, 0.0], [588160.8074571491, 4141338.4682099326, 0.0], [588161.0026716995, 4141338.4203414726, 0.0], [588161.1978862499, 4141338.372473016, 0.0], [588161.3931125293, 4141338.3234951114, 0.0], [588161.5883270868, 4141338.275626666, 0.0], [588161.7835416443, 4141338.2277582237, 0.0], [588161.9787562065, 4141338.1798897865, 0.0], [588162.173970771, 4141338.132021354, 0.0], [588162.3603359261, 4141338.084059424, 0.0], [588162.5555622154, 4141338.035081545, 0.0], [588162.7507767869, 4141337.987213127, 0.0], [588162.945991363, 4141337.939344712, 0.0], [588163.141205937, 4141337.8914763005, 0.0], [588163.3364205157, 4141337.8436078955, 0.0], [588163.5316350968, 4141337.7957394947, 0.0], [588163.7180119904, 4141337.746668141, 0.0], [588163.9132265738, 4141337.6987997484, 0.0], [588164.1084411619, 4141337.6509313597, 0.0], [588164.3036557522, 4141337.6030629766, 0.0], [588164.4988703451, 4141337.5551945977, 0.0], [588164.6940966628, 4141337.5062167696, 0.0], [588164.8893112603, 4141337.4583484, 0.0], [588165.0845258578, 4141337.4104800345, 0.0], [588165.2708910475, 4141337.3625181695, 0.0], [588165.466105652, 4141337.3146498133, 0.0], [588165.661320259, 4141337.2667814624, 0.0], [588165.856546591, 4141337.21780366, 0.0], [588166.0517612025, 4141337.169935317, 0.0], [588166.2469758166, 4141337.1220669784, 0.0], [588166.4421904307, 4141337.0741986446, 0.0], [588166.6374050494, 4141337.0263303155, 0.0], [588166.8237819803, 4141336.977259031, 0.0], [588167.0189966038, 4141336.9293907103, 0.0], [588167.2142112295, 4141336.8815223947, 0.0], [588167.4094258576, 4141336.8336540842, 0.0], [588167.604640488, 4141336.785785777, 0.0], [588167.7998551186, 4141336.737917474, 0.0], [588167.9950814769, 4141336.6889397223, 0.0], [588168.181446701, 4141336.640977922, 0.0], [588168.3766613409, 4141336.593109633, 0.0], [588168.5718759832, 4141336.5452413475, 0.0], [588168.7670906278, 4141336.497373069, 0.0], [588168.9623169979, 4141336.448395338, 0.0], [588169.157531645, 4141336.4005270684, 0.0], [588169.3527462968, 4141336.352658802, 0.0], [588169.5479609508, 4141336.30479054, 0.0], [588169.7343261933, 4141336.256828774, 0.0], [588169.9295408521, 4141336.2089605206, 0.0], [588170.1247672365, 4141336.1599828177, 0.0], [588170.3199819, 4141336.112114575, 0.0], [588170.5151965637, 4141336.0642463355, 0.0], [588170.7104112318, 4141336.0163781005, 0.0], [588170.9056259023, 4141335.968509871, 0.0], [588171.0920028845, 4141335.9194386806, 0.0], [588171.2872175598, 4141335.87157046, 0.0], [588171.4824322374, 4141335.8237022418, 0.0], [588171.6776469173, 4141335.7758340305, 0.0], [588171.8728615973, 4141335.7279658234, 0.0], [588172.068076282, 4141335.6800976186, 0.0], [588172.2633026927, 4141335.631119966, 0.0], [588172.4585173822, 4141335.583251773, 0.0], [588172.644882657, 4141335.53529007, 0.0], [588172.8400973511, 4141335.487421885, 0.0], [588173.0353120498, 4141335.4395537036, 0.0], [588173.2305384701, 4141335.390576074, 0.0], [588173.4257531712, 4141335.342707902, 0.0], [588173.6209678748, 4141335.2948397347, 0.0], [588173.8161825808, 4141335.2469715714, 0.0], [588174.0025478717, 4141335.199009901, 0.0], [588174.1977625822, 4141335.1511417474, 0.0], [588174.3929890214, 4141335.1021641423, 0.0], [588174.5882037345, 4141335.0542959985, 0.0], [588174.7834184521, 4141335.0064278585, 0.0], [588174.9786331721, 4141334.958559723, 0.0], [588175.1738478945, 4141334.9106915914, 0.0], [588175.3690626193, 4141334.8628234644, 0.0], [588175.5554396528, 4141334.813752374, 0.0], [588175.7506543822, 4141334.765884255, 0.0], [588175.945869114, 4141334.7180161425, 0.0], [588176.1410838481, 4141334.6701480327, 0.0], [588176.3362985846, 4141334.6222799285, 0.0], [588176.5315250454, 4141334.5733023747, 0.0], [588176.7267397867, 4141334.52543428, 0.0], [588176.9131051145, 4141334.4774726727, 0.0], [588177.1083198604, 4141334.429604586, 0.0], [588177.3035346087, 4141334.3817365044, 0.0], [588177.4987493593, 4141334.333868428, 0.0], [588177.6939758367, 4141334.284890901, 0.0], [588177.8891905898, 4141334.2370228325, 0.0], [588178.0844053476, 4141334.1891547693, 0.0], [588178.2796201099, 4141334.14128671, 0.0], [588178.4659854538, 4141334.093325137, 0.0], [588178.6612119431, 4141334.044347632, 0.0], [588178.8564267103, 4141333.9964795867, 0.0], [588179.0516414798, 4141333.948611545, 0.0], [588179.2468562494, 4141333.9007435096, 0.0], [588179.4420710236, 4141333.8528754776, 0.0], [588179.6372858002, 4141333.80500745, 0.0], [588179.8325123038, 4141333.7560299733, 0.0], [588180.0188776684, 4141333.7080684328, 0.0], [588180.2140924521, 4141333.660200419, 0.0], [588180.4093072381, 4141333.6123324106, 0.0], [588180.6045220242, 4141333.5644644047, 0.0], [588180.7997485397, 4141333.51548695, 0.0], [588180.9949633328, 4141333.4676189534, 0.0], [588181.1901781282, 4141333.419750963, 0.0], [588181.376543509, 4141333.3717894545, 0.0]]}